-- Insert businesses
INSERT INTO business (id, email, password, name, card) VALUES ('11111111-1111-1111-1111-111111111111', 'testbusiness1@test.test', 'encrypted-password', 'Restazo Business 1', 'encrypted-card'),
                                                              ('22222222-2222-2222-2222-222222222222', 'testbusiness2@test.test', 'encrypted-password', 'Restazo Business 2', 'encrypted-card'),
                                                              ('33333333-3333-3333-3333-333333333333', 'testbusiness3@test.test', 'encrypted-password', 'Restazo Business 3', 'encrypted-card'),
                                                              ('44444444-4444-4444-4444-444444444444', 'testbusiness4@test.test', 'encrypted-password', 'Restazo Business 4', 'encrypted-card'),
                                                              ('55555555-5555-5555-5555-555555555555', 'testbusiness5@test.test', 'encrypted-password', 'Restazo Business 5', 'encrypted-card');


-- Insert restaurants
INSERT INTO restaurant (id,
                        business_id,
                        name,
                        description,
                        affordability,
                        logo_file_path,
                        cover_file_path,
                        listed) 
                VALUES ('11111111-1111-1111-1111-111111111111',
                        '11111111-1111-1111-1111-111111111111',
                        'Restazo Restaurant 1',
                        'Embark on a gastronomic journey like no other at Restazo Restaurant 1, where every corner whispers tales of culinary mastery and every dish beckons with irresistible allure.',
                        3,
                        '/logos/11111111-1111-1111-1111-111111111111.png',
                        '/covers/11111111-1111-1111-1111-111111111111.png',
                        true),
                        ('22222222-2222-2222-2222-222222222222',
                        '22222222-2222-2222-2222-222222222222',
                        'Restazo Restaurant 2',
                        'Indulge your senses at Restazo Restaurant 2, where each plate is a masterpiece crafted with passion and precision, inviting you to savor the flavors of perfection.',
                        2,
                        '/logos/22222222-2222-2222-2222-222222222222.png',
                        '/covers/22222222-2222-2222-2222-222222222222.png',
                        true),
                        ('33333333-3333-3333-3333-333333333333',
                        '33333333-3333-3333-3333-333333333333',
                        'Restazo Restaurant 3',
                        'Discover a symphony of taste at Restazo Restaurant 3, where every bite is an exquisite harmony of ingredients meticulously orchestrated to delight your palate.',
                        1,
                        '/logos/33333333-3333-3333-3333-333333333333.png',
                        '/covers/33333333-3333-3333-3333-333333333333.png',
                        true),
                        ('44444444-4444-4444-4444-444444444444',
                        '44444444-4444-4444-4444-444444444444',
                        'Restazo Restaurant 4',
                        'Step into a realm of epicurean delight at Restazo Restaurant 4, where the artistry of culinary excellence meets the warmth of hospitality in a truly unforgettable dining experience.',
                        3,
                        '/logos/44444444-4444-4444-4444-444444444444.png',
                        '/covers/44444444-4444-4444-4444-444444444444.png',
                        true),
                        ('55555555-5555-5555-5555-555555555555',
                        '55555555-5555-5555-5555-555555555555',
                        'Restazo Restaurant 5',
                        'Unveil the secrets of flavor at Restazo Restaurant 5, where culinary artisans weave magic into every dish, creating an enchanting journey for discerning palates.',
                        1,
                        '/logos/55555555-5555-5555-5555-555555555555.png',
                        '/covers/55555555-5555-5555-5555-555555555555.png',
                        true);


-- Insert restaurant addresses
INSERT INTO restaurant_address (restaurant_id,
                                latitude,
                                longitude,
                                address_line,
                                city,
                                postal_code,
                                country_code)
                        VALUES ('11111111-1111-1111-1111-111111111111',
                                64.806986,
                                25.425029,
                                'Sustie 24',
                                'Liminka',
                                '90100',
                                'fi'),
                                ('22222222-2222-2222-2222-222222222222',
                                64.481281,
                                24.995067,
                                'Sepäntie 24',
                                'Vihanti',
                                '90100',
                                'fi'),
                                ('33333333-3333-3333-3333-333333333333',
                                63.093885,
                                21.620471,
                                'Rauhankatu 24',
                                'Vaasa',
                                '90100',
                                'fi'),
                                ('44444444-4444-4444-4444-444444444444',
                                60.192844,
                                24.960973,
                                'Lohjantie 2',
                                'Helsinki',
                                '90100',
                                'fi'),
                                ('55555555-5555-5555-5555-555555555555',
                                65.011490,
                                25.470514,
                                'Kirkkokatu 21',
                                'Oulu',
                                '90100',
                                'fi');


-- Create menu categories for each restaurant menu
INSERT INTO menu_category (id,
                           restaurant_id,
                           label) 
                   VALUES ('11111111-1111-1111-1111-111111111111',
                           '11111111-1111-1111-1111-111111111111',
                           'Appetizers'),
                          ('22222222-2222-2222-2222-222222222222',
                           '11111111-1111-1111-1111-111111111111',
                           'Soups and Salads'),
                          ('33333333-3333-3333-3333-333333333333',
                           '11111111-1111-1111-1111-111111111111',
                           'Main Courses'),
                          ('44444444-4444-4444-4444-444444444444',
                           '22222222-2222-2222-2222-222222222222',
                           'Side Dishes'),
                          ('55555555-5555-5555-5555-555555555555',
                           '22222222-2222-2222-2222-222222222222',
                           'Desserts'),
                          ('66666666-6666-6666-6666-666666666666',
                           '22222222-2222-2222-2222-222222222222',
                           'Beverages'),
                          ('77777777-7777-7777-7777-777777777777',
                           '33333333-3333-3333-3333-333333333333',
                           'Side Dishes'),
                          ('88888888-8888-8888-8888-888888888888',
                           '33333333-3333-3333-3333-333333333333',
                           'Desserts'),
                          ('99999999-9999-9999-9999-999999999999',
                           '33333333-3333-3333-3333-333333333333',
                           'Beverages'),
                          ('10101010-1010-1010-1010-101010101010',
                           '44444444-4444-4444-4444-444444444444',
                           'Appetizers'),
                          ('12121212-1212-1212-1212-121212121212',
                           '44444444-4444-4444-4444-444444444444',
                           'Soups and Salads'),
                          ('13131313-1313-1313-1313-131313131313',
                           '44444444-4444-4444-4444-444444444444',
                           'Main Courses'),
                          ('14141414-1414-1414-1414-141414141414',
                           '55555555-5555-5555-5555-555555555555',
                           'Side Dishes'),
                          ('15151515-1515-1515-1515-151515151515',
                           '55555555-5555-5555-5555-555555555555',
                           'Desserts'),
                          ('16161616-1616-1616-1616-161616161616',
                           '55555555-5555-5555-5555-555555555555',
                           'Beverages');


INSERT INTO menu_item (id, category_id, image, name, description, ingredients, price_amount, price_currency) 
VALUES 
    ('11111111-1111-1111-1111-111111111111', '11111111-1111-1111-1111-111111111111', '/menu_items/11111111-1111-1111-1111-111111111111.png', 'Crispy Calamari', 'Golden-fried calamari served with tangy marinara sauce.', 'Calamari, flour, salt, pepper, marinara sauce', 12.99, 'usd'),
    ('22222222-2222-2222-2222-222222222222', '11111111-1111-1111-1111-111111111111', '/menu_items/22222222-2222-2222-2222-222222222222.png', 'Bruschetta', 'Toasted bread topped with fresh tomatoes, basil, garlic, and olive oil.', 'Bread, tomatoes, basil, garlic, olive oil', 9.99, 'usd'),
    ('33333333-3333-3333-3333-333333333333', '11111111-1111-1111-1111-111111111111', '/menu_items/33333333-3333-3333-3333-333333333333.png', 'Stuffed Mushrooms', 'Mushroom caps filled with creamy cheese and herbs, baked to perfection.', 'Mushrooms, cheese, herbs, breadcrumbs', 10.99, 'usd'),

    ('44444444-4444-4444-4444-444444444444', '22222222-2222-2222-2222-222222222222', '/menu_items/44444444-4444-4444-4444-444444444444.png', 'Minestrone Soup', 'Traditional Italian vegetable soup with pasta and beans.', 'Vegetables, pasta, beans, broth', 8.99, 'usd'),
    ('55555555-5555-5555-5555-555555555555', '22222222-2222-2222-2222-222222222222', '/menu_items/55555555-5555-5555-5555-555555555555.png', 'Caesar Salad', 'Crisp romaine lettuce, garlic croutons, Parmesan cheese, and Caesar dressing.', 'Romaine lettuce, croutons, Parmesan cheese, Caesar dressing', 11.99, 'usd'),
    ('66666666-6666-6666-6666-666666666666', '22222222-2222-2222-2222-222222222222', '/menu_items/66666666-6666-6666-6666-666666666666.png', 'Caprese Salad', 'Fresh mozzarella, tomatoes, and basil drizzled with balsamic glaze.', 'Mozzarella cheese, tomatoes, basil, balsamic glaze', 10.99, 'usd'),

    ('77777777-7777-7777-7777-777777777777', '33333333-3333-3333-3333-333333333333', '/menu_items/77777777-7777-7777-7777-777777777777.png', 'Grilled Salmon', 'Fresh Atlantic salmon fillet grilled to perfection.', 'Salmon, olive oil, salt, pepper', 18.99, 'usd'),
    ('88888888-8888-8888-8888-888888888888', '33333333-3333-3333-3333-333333333333', '/menu_items/88888888-8888-8888-8888-888888888888.png', 'Chicken Parmesan', 'Tender breaded chicken breast topped with marinara sauce and melted cheese.', 'Chicken breast, breadcrumbs, marinara sauce, mozzarella cheese', 16.99, 'usd'),
    ('99999999-9999-9999-9999-999999999999', '33333333-3333-3333-3333-333333333333', '/menu_items/99999999-9999-9999-9999-999999999999.png', 'Vegetable Risotto', 'Creamy risotto cooked with seasonal vegetables and Parmesan cheese.', 'Rice, vegetables, Parmesan cheese, broth', 14.99, 'usd'),

    ('10101010-1010-1010-1010-101010101010', '44444444-4444-4444-4444-444444444444', '/menu_items/10101010-1010-1010-1010-101010101010.png', 'Honey Glazed Chicken Wings', 'Sweet and sticky chicken wings glazed with honey and soy sauce.', 'Chicken wings, honey, soy sauce, garlic, ginger', 9.99, 'usd'),
    ('12121212-1212-1212-1212-121212121212', '44444444-4444-4444-4444-444444444444', '/menu_items/12121212-1212-1212-1212-121212121212.png', 'Truffle Mac & Cheese', 'Creamy mac & cheese with truffle oil and a crispy breadcrumb topping.', 'Pasta, truffle oil, cheddar cheese, breadcrumbs', 12.99, 'usd'),
    ('13131313-1313-1313-1313-131313131313', '44444444-4444-4444-4444-444444444444', '/menu_items/13131313-1313-1313-1313-131313131313.png', 'Kale Caesar Salad', 'Crispy kale tossed in Caesar dressing, topped with croutons and parmesan.', 'Kale, Caesar dressing, croutons, parmesan cheese', 10.99, 'usd'),

    ('14141414-1414-1414-1414-141414141414', '55555555-5555-5555-5555-555555555555', '/menu_items/14141414-1414-1414-1414-141414141414.png', 'Mango Habanero Tacos', 'Soft tacos filled with spicy mango habanero chicken, fresh avocado, and cilantro.', 'Chicken, mango habanero sauce, avocado, cilantro, tortillas', 11.99, 'usd'),
    ('15151515-1515-1515-1515-151515151515', '55555555-5555-5555-5555-555555555555', '/menu_items/15151515-1515-1515-1515-151515151515.png', 'Shrimp Ceviche', 'Fresh shrimp marinated in lime juice with tomatoes, onions, and cilantro.', 'Shrimp, lime juice, tomatoes, onions, cilantro', 13.99, 'usd'),
    ('16161616-1616-1616-1616-161616161616', '55555555-5555-5555-5555-555555555555', '/menu_items/16161616-1616-1616-1616-161616161616.png', 'Chipotle Chicken Bowl', 'Grilled chipotle chicken served over rice with beans, cheese, and sour cream.', 'Chicken, chipotle peppers, rice, beans, cheese, sour cream', 12.99, 'usd'),

    ('17171717-1717-1717-1717-171717171717', '66666666-6666-6666-6666-666666666666', '/menu_items/17171717-1717-1717-1717-171717171717.png', 'Beef Bulgogi Bowl', 'Marinated beef bulgogi served over steamed rice with pickled vegetables.', 'Beef, soy sauce, sugar, rice, pickled vegetables', 14.99, 'usd'),
    ('18181818-1818-1818-1818-181818181818', '66666666-6666-6666-6666-666666666666', '/menu_items/18181818-1818-1818-1818-181818181818.png', 'Spicy Tuna Roll', 'Sushi roll filled with spicy tuna, cucumber, and avocado, topped with sesame seeds.', 'Tuna, mayo, chili oil, cucumber, avocado, sesame seeds', 8.99, 'usd'),
    ('19191919-1919-1919-1919-191919191919', '66666666-6666-6666-6666-666666666666', '/menu_items/19191919-1919-1919-1919-191919191919.png', 'Vegetarian Bibimbap', 'A traditional Korean rice dish topped with assorted vegetables, fried egg, and spicy gochujang sauce.', 'Rice, mixed vegetables, fried egg, gochujang sauce', 15.99, 'usd'),

    ('20202020-2020-2020-2020-202020202020', '77777777-7777-7777-7777-777777777777', '/menu_items/20202020-2020-2020-2020-202020202020.png', 'Philly Cheese Steak', 'Thinly sliced steak with melted cheese, onions, and peppers on a hoagie roll.', 'Steak, provolone cheese, onions, bell peppers, hoagie roll', 14.99, 'usd'),
    ('23232323-2323-2323-2323-232323232323', '77777777-7777-7777-7777-777777777777', '/menu_items/23232323-2323-2323-2323-232323232323.png', 'Buffalo Chicken Pizza', 'Spicy buffalo chicken, mozzarella, and blue cheese on a crispy crust.', 'Chicken, buffalo sauce, mozzarella cheese, blue cheese, pizza dough', 16.99, 'usd'),
    ('24242424-2424-2424-2424-242424242424', '77777777-7777-7777-7777-777777777777', '/menu_items/24242424-2424-2424-2424-242424242424.png', 'Vegan Black Bean Soup', 'Hearty black bean soup with cilantro lime rice and avocado.', 'Black beans, cilantro lime rice, avocado, spices', 9.99, 'usd'),

    ('25252525-2525-2525-2525-252525252525', '88888888-8888-8888-8888-888888888888', '/menu_items/25252525-2525-2525-2525-252525252525.png', 'Lamb Gyro', 'Sliced lamb with tzatziki sauce, tomatoes, onions, wrapped in a pita bread.', 'Lamb, tzatziki sauce, tomatoes, onions, pita bread', 12.99, 'usd'),
    ('26262626-2626-2626-2626-262626262626', '88888888-8888-8888-8888-888888888888', '/menu_items/26262626-2626-2626-2626-262626262626.png', 'Quinoa Salad', 'Fluffy quinoa with cucumber, tomatoes, feta cheese, and olives.', 'Quinoa, cucumber, tomatoes, feta cheese, olives', 10.99, 'usd'),
    ('27272727-2727-2727-2727-272727272727', '88888888-8888-8888-8888-888888888888', '/menu_items/27272727-2727-2727-2727-272727272727.png', 'Peking Duck Pancakes', 'Crispy duck with hoisin sauce, cucumbers, and scallions, served with pancakes.', 'Duck, hoisin sauce, cucumbers, scallions, pancakes', 18.99, 'usd'),

    ('28282828-2828-2828-2828-282828282828', '99999999-9999-9999-9999-999999999999', '/menu_items/28282828-2828-2828-2828-282828282828.png', 'Szechuan Beef Noodles', 'Spicy Szechuan beef served over noodles with green onions and sesame seeds.', 'Beef, Szechuan sauce, noodles, green onions, sesame seeds', 13.99, 'usd'),
    ('29292929-2929-2929-2929-292929292929', '99999999-9999-9999-9999-999999999999', '/menu_items/29292929-2929-2929-2929-292929292929.png', 'Chicken Tikka Masala', 'Grilled chicken in a creamy tomato curry sauce, served with basmati rice.', 'Chicken, tomato sauce, cream, spices, basmati rice', 15.99, 'usd'),
    ('30303030-3030-3030-3030-303030303030', '99999999-9999-9999-9999-999999999999', '/menu_items/30303030-3030-3030-3030-303030303030.png', 'Vegetable Thai Curry', 'Aromatic Thai curry with a mix of seasonal vegetables, served with jasmine rice.', 'Seasonal vegetables, coconut milk, Thai curry paste, jasmine rice', 12.99, 'usd'),

    ('31313131-3131-3131-3131-313131313131', '10101010-1010-1010-1010-101010101010', '/menu_items/31313131-3131-3131-3131-313131313131.png', 'Roasted Pork Banh Mi', 'Vietnamese sandwich with roasted pork, pickled vegetables, and cilantro on a baguette.', 'Roasted pork, pickled carrots and daikon, cilantro, baguette', 11.99, 'usd'),
    ('32323232-3232-3232-3232-323232323232', '10101010-1010-1010-1010-101010101010', '/menu_items/32323232-3232-3232-3232-323232323232.png', 'Mushroom Swiss Burger', 'Juicy beef patty with melted Swiss cheese, sautéed mushrooms, and garlic aioli.', 'Beef patty, Swiss cheese, mushrooms, garlic aioli, brioche bun', 14.99, 'usd'),
    ('34343434-3434-3434-3434-343434343434', '10101010-1010-1010-1010-101010101010', '/menu_items/34343434-3434-3434-3434-343434343434.png', 'Avocado Toast', 'Crispy toast with smashed avocado, poached egg, and cherry tomatoes.', 'Bread, avocado, poached egg, cherry tomatoes, seasoning', 9.99, 'usd'),

    ('35353535-3535-3535-3535-353535353535', '12121212-1212-1212-1212-121212121212', '/menu_items/35353535-3535-3535-3535-353535353535.png', 'Spinach and Feta Stuffed Chicken', 'Chicken breast stuffed with spinach and feta cheese, served with roasted potatoes.', 'Chicken breast, spinach, feta cheese, potatoes, herbs', 17.99, 'usd'),
    ('36363636-3636-3636-3636-363636363636', '12121212-1212-1212-1212-121212121212', '/menu_items/36363636-3636-3636-3636-363636363636.png', 'Pan-Seared Scallops', 'Scallops pan-seared to perfection, served with a lemon butter sauce.', 'Scallops, butter, lemon, garlic, parsley', 19.99, 'usd'),
    ('37373737-3737-3737-3737-373737373737', '12121212-1212-1212-1212-121212121212', '/menu_items/37373737-3737-3737-3737-373737373737.png', 'Mediterranean Quinoa Bowl', 'Quinoa bowl with hummus, feta, olives, and roasted vegetables.', 'Quinoa, hummus, feta cheese, olives, roasted vegetables', 13.99, 'usd'),
    
    ('40404040-4040-4040-4040-404040404040', '13131313-1313-1313-1313-131313131313', '/menu_items/40404040-4040-4040-4040-404040404040.png', 'BBQ Pulled Pork Sandwich', 'Slow-cooked pork shoulder in a smoky BBQ sauce, served on a brioche bun with coleslaw.', 'Pork shoulder, BBQ sauce, coleslaw, brioche bun', 12.99, 'usd'),
    ('41414141-4141-4141-4141-414141414141', '13131313-1313-1313-1313-131313131313', '/menu_items/41414141-4141-4141-4141-414141414141.png', 'Spicy Ramen Bowl', 'Rich and spicy broth with noodles, topped with soft-boiled egg, green onions, and slices of pork.', 'Noodles, pork, soft-boiled egg, green onions, spicy broth', 14.99, 'usd'),
    ('42424242-4242-4242-4242-424242424242', '13131313-1313-1313-1313-131313131313', '/menu_items/42424242-4242-4242-4242-424242424242.png', 'Arugula and Prosciutto Pizza', 'Thin crust pizza with a white sauce base, topped with arugula, prosciutto, and shaved Parmesan.', 'Pizza dough, white sauce, arugula, prosciutto, Parmesan cheese', 15.99, 'usd'),

    ('43434343-4343-4343-4343-434343434343', '14141414-1414-1414-1414-141414141414', '/menu_items/43434343-4343-4343-4343-434343434343.png', 'Maple Glazed Salmon', 'Oven-roasted salmon fillet with a sweet maple glaze.', 'Salmon, maple syrup, garlic, soy sauce, olive oil', 17.99, 'usd'),
    ('45454545-4545-4545-4545-454545454545', '14141414-1414-1414-1414-141414141414', '/menu_items/45454545-4545-4545-4545-454545454545.png', 'Wild Mushroom Risotto', 'Creamy risotto cooked with a variety of wild mushrooms and Parmesan cheese.', 'Risotto rice, wild mushrooms, Parmesan cheese, white wine, onions', 16.99, 'usd'),
    ('46464646-4646-4646-4646-464646464646', '14141414-1414-1414-1414-141414141414', '/menu_items/46464646-4646-4646-4646-464646464646.png', 'Beet and Goat Cheese Salad', 'Roasted beets, mixed greens, walnuts, and crumbled goat cheese with a balsamic reduction.', 'Beets, mixed greens, goat cheese, walnuts, balsamic reduction', 12.99, 'usd'),

    ('47474747-4747-4747-4747-474747474747', '15151515-1515-1515-1515-151515151515', '/menu_items/47474747-4747-4747-4747-474747474747.png', 'Crispy Tofu Tacos', 'Crispy fried tofu with avocado, pickled onions, and cilantro lime sauce in corn tortillas.', 'Tofu, avocado, pickled onions, cilantro lime sauce, corn tortillas', 11.99, 'usd'),
    ('48484848-4848-4848-4848-484848484848', '15151515-1515-1515-1515-151515151515', '/menu_items/48484848-4848-4848-4848-484848484848.png', 'Sweet Potato Fries', 'Crispy sweet potato fries served with a spicy aioli dipping sauce.', 'Sweet potatoes, oil, seasoning, aioli', 6.99, 'usd'),
    ('49494949-4949-4949-4949-494949494949', '15151515-1515-1515-1515-151515151515', '/menu_items/49494949-4949-4949-4949-494949494949.png', 'Chickpea Veggie Burger', 'A hearty veggie burger made from chickpeas, served with lettuce, tomato, and a tahini sauce.', 'Chickpeas, lettuce, tomato, tahini sauce, whole grain bun', 13.99, 'usd'),

    ('50505050-5050-5050-5050-505050505050', '16161616-1616-1616-1616-161616161616', '/menu_items/50505050-5050-5050-5050-505050505050.png', 'Seared Scallops with Corn Puree', 'Pan-seared scallops served over a smooth corn puree, garnished with microgreens.', 'Scallops, corn, cream, microgreens, seasoning', 21.99, 'usd'),
    ('51515151-5151-5151-5151-515151515151', '16161616-1616-1616-1616-161616161616', '/menu_items/51515151-5151-5151-5151-515151515151.png', 'Braised Short Ribs', 'Tender short ribs braised in a rich red wine sauce, served with mashed potatoes.', 'Short ribs, red wine, potatoes, carrots, onions', 24.99, 'usd'),
    ('52525252-5252-5252-5252-525252525252', '16161616-1616-1616-1616-161616161616', '/menu_items/52525252-5252-5252-5252-525252525252.png', 'Roasted Butternut Squash Soup', 'Creamy roasted butternut squash soup garnished with crème fraîche and toasted pumpkin seeds.', 'Butternut squash, chicken stock, crème fraîche, pumpkin seeds, spices', 8.99, 'usd');